index,A,D,C,E,F,G,H,I,K,L,M,N,P,Q,R,S,T,V,W,Y
K0,-25.5,-33.12,-32.82,-36.17,-34.54,-27,-31.84,-31.78,-32.4,-31.78,-31.18,-30.9,-23.25,-32.6,-26.62,-29.88,-31.23,-30.62,-30.24,-35.01
Ht,0.87,0.66,1.52,0.67,2.87,0.1,0.87,3.15,1.64,2.17,1.67,0.09,2.77,0,0.85,0.07,0.07,1.87,3.77,2.67
Hp,13.05,11.1,14.3,11.41,13.89,12.2,12.42,15.34,11.01,14.19,13.62,11.72,11.06,11.78,12.4,11.68,12.12,14.73,13.96,13.57
P,0,49.7,1.48,49.9,0.35,0,51.6,0.1,49.5,0.13,1.43,3.38,1.58,3.53,52,1.67,1.66,0.13,2.1,1.61
pHi,6,2.77,5.05,5.22,5.48,5.97,7.59,6.02,9.74,5.98,5.74,5.41,6.3,5.65,10.76,5.68,5.66,5.96,5.89,5.66
pK',2.34,2.01,1.65,2.19,1.89,2.34,1.82,1.36,2.18,2.36,2.28,2.02,1.99,2.17,1.81,2.21,2.1,2.32,2.38,2.2
Mw,89,133,121,147,165,75,155,131,146,131,149,132,115,146,174,105,119,117,204,181
Bl,11.5,11.68,13.46,13.57,19.8,3.4,13.67,21.4,15.71,21.4,16.25,12.82,17.43,14.45,14.28,9.47,15.77,21.57,21.61,18.03
Rf,9.9,2.8,2.8,3.2,18.8,5.6,8.2,17.1,3.5,17.6,14.7,5.4,14.8,9,4.6,6.9,9.5,14.3,17,15
Mu,14.34,12,35.77,17.26,29.4,0,21.81,19.06,21.29,18.78,21.64,13.28,10.93,17.56,26.66,6.35,11.01,13.92,42.53,31.55
Hnc,0.62,0.9,0.29,-0.74,1.19,0.48,-0.4,1.38,-1.5,1.06,0.64,-0.78,0.12,-0.85,-2.53,-0.18,-0.05,1.08,0.81,0.26
Esm,1.4,1.16,1.37,1.16,1.14,1.36,1.22,1.19,1.07,1.32,1.3,1.18,1.24,1.12,0.92,1.3,1.25,1.25,1.03,1.03
El,0.49,0.35,0.67,0.37,0.72,0.53,0.54,0.76,0.3,0.65,0.65,0.38,0.46,0.4,0.55,0.45,0.52,0.73,0.83,0.65
Et,1.9,1.52,2.04,1.54,1.86,1.9,1.76,1.95,1.37,1.97,1.96,1.56,1.7,1.52,1.48,1.75,1.77,1.98,1.87,1.69
Pa,1.42,1.01,0.7,1.51,1.13,0.57,1,1.08,1.16,1.21,1.45,0.67,0.57,1.11,0.98,0.77,0.83,1.06,1.08,0.69
Pb,0.83,0.54,1.19,0.37,1.38,0.75,0.87,1.6,0.74,1.3,1.05,0.89,0.55,1.1,0.93,0.75,1.19,1.7,1.37,1.47
Pt,0.66,1.46,1.19,0.74,0.6,1.56,0.95,0.47,1.01,0.59,0.6,1.56,1.52,0.98,0.95,1.43,0.96,0.5,0.96,1.14
Pc,0.71,1.21,1.19,0.84,0.71,1.52,1.07,0.66,0.99,0.69,0.59,1.37,1.61,0.87,1.07,1.34,1.08,0.63,0.76,1.07
Ca,20,26,25,33,46,13,37,39,46,35,43,28,22,36,55,20,28,33,61,46
F,0.96,1.14,0.87,1.07,0.69,1.16,0.8,0.76,1.14,0.79,0.78,1.04,1.16,1.07,1.05,1.13,0.96,0.79,0.77,1.01
Br,0.38,0.14,0.57,0.09,0.51,0.38,0.31,0.56,0.04,0.5,0.42,0.15,0.18,0.11,0.07,0.23,0.23,0.48,0.4,0.26
Ra,3.7,2.6,3.03,3.3,6.6,3.13,3.57,7.69,1.79,5.88,5.21,2.12,2.12,2.7,2.53,2.43,2.6,7.14,6.25,3.03
Ns,6.05,4.95,7.86,5.1,6.62,6.16,5.8,7.51,4.88,7.37,6.39,5.04,5.65,5.45,5.7,5.53,5.81,7.62,6.98,6.73
aN,1.59,0.53,0.33,1.45,1.14,0.53,0.89,1.22,1.13,1.91,1.25,0.53,0,0.98,0.67,0.7,0.75,1.42,1.33,0.58
aC,1.44,2.13,0.76,2.01,1.01,0.62,0.56,0.68,0.59,0.58,0.73,0.93,2.19,1.2,0.39,0.81,1.25,0.63,1.4,0.72
aM,1.22,0.56,1.53,1.28,1.13,0.4,2.23,0.77,1.65,1.05,1.47,0.93,0,1.63,1.59,0.87,0.46,1.2,0.46,0.52
V0,60.46,73.83,67.7,85.88,121.48,43.25,98.79,107.72,108.5,107.75,105.35,78.01,82.83,93.9,127.34,60.62,76.83,90.78,143.91,123.6
Nm,2.11,1.8,1.88,2.09,1.98,1.53,1.98,1.77,1.96,2.19,2.27,1.84,1.32,2.03,1.94,1.57,1.57,1.63,1.9,1.67
Nl,3.92,2.85,5.55,2.72,4.53,4.31,3.77,5.58,2.79,4.59,4.14,3.64,3.57,3.06,3.78,3.75,4.09,5.43,4.83,4.93
Hgm,13.85,11.61,15.37,11.38,13.93,13.34,13.82,15.28,11.58,14.13,13.86,13.02,12.35,12.61,13.1,13.39,12.7,14.56,15.48,13.88
ASAD,104,132.2,132.5,161.9,182,73.4,165.8,171.5,195.2,161.4,189.8,134.9,135.1,164.9,210.2,111.4,130.4,143.9,208.8,196.4
ASAN,33.2,62.4,17.9,81,33.1,29.2,57.7,28.3,107.5,31.1,41.3,60.5,60.7,71.5,94.5,48.7,52,28.1,39.5,50.4
dASA,70.9,69.6,114.3,80.5,148.4,44,107.9,142.7,87.5,129.8,147.9,74,73.5,93.3,116,62.8,78,115.6,167.8,145.9
dGh,-0.54,-2.97,-1.64,-3.71,-1.06,-0.59,-3.38,0.32,-2.19,0.27,-0.6,-3.55,0.32,-3.92,-5.96,-3.82,-1.97,0.13,-3.8,-5.64
GhD,-0.58,-6.1,-1.91,-7.37,-1.35,-0.82,-5.57,0.4,-5.97,0.35,-0.71,-6.63,0.56,-7.12,-12.78,-6.18,-3.66,0.18,-4.71,-8.45
GhN,-0.06,-3.11,-0.27,-3.62,-0.28,-0.23,-2.18,0.07,-1.7,0.07,-0.1,-3.03,0.23,-3.15,-6.85,-2.36,-1.69,0.04,-0.88,-2.82
dHh,-2.24,-4.54,-3.43,-5.63,-5.11,-1.46,-6.83,-3.84,-5.02,-3.52,-4.16,-5.68,-1.95,-6.23,-10.43,-5.94,-4.39,-3.15,-8.99,-10.67
#NAME?,1.7,1.57,1.79,1.92,4.05,0.87,3.45,4.16,2.83,3.79,3.56,2.13,2.27,2.31,4.47,2.12,2.42,3.28,5.19,5.03
dCph,14.22,2.73,9.41,3.17,39.06,4.88,20.05,41.98,17.68,38.26,31.67,3.91,23.69,3.74,16.66,6.14,16.11,32.58,37.69,30.54
dGc,0.51,2.89,2.71,3.58,3.22,0.68,3.95,-0.4,1.87,-0.35,1.13,3.26,-0.39,3.69,5.25,3.42,1.74,-0.19,5.59,6.56
dHc,2.77,4.72,8.64,5.69,11.93,1.23,7.64,4.03,3.57,3.69,7.06,3.64,1.97,4.47,6.03,5.8,4.42,3.45,13.46,14.41
#NAME?,-2.25,-1.83,-5.92,-2.11,-8.71,-0.55,-3.69,-4.42,-1.7,-4.04,-5.93,-0.39,-2.36,-0.78,-0.78,-2.38,-2.68,-3.64,-7.87,-7.95
dG,-0.02,-0.08,1.08,-0.13,2.16,0.09,0.56,-0.08,-0.32,-0.08,0.53,-0.3,-0.06,-0.23,-0.71,-0.4,-0.24,-0.06,1.78,0.91
dH,0.51,0.18,5.21,0.05,6.82,-0.23,0.79,0.19,-1.45,0.17,2.89,-2.03,0.02,-1.76,-4.4,-0.16,0.04,0.3,4.47,3.73
#NAME?,-0.54,-0.26,-4.14,-0.19,-4.66,0.31,-0.23,-0.27,1.13,-0.24,-2.36,1.74,-0.08,1.53,3.69,-0.24,-0.28,-0.36,-2.69,-2.82
v,1,4,2,5,7,0,6,4,5,4,4,4,3,5,7,2,3,3,10,8
s,0,2,0,3,2,0,2,1,0,2,0,2,0,3,5,0,1,1,2,2
f,0,2,1,3,2,0,2,2,4,2,3,2,0,3,5,1,1,1,2,2
Pf-s,0.65,2.6,0.95,0.8,0.55,3.55,2.8,0.05,1.7,0.35,0.55,5.25,0,1.4,1.45,1.1,0.05,0.1,0.65,0.95
GEIM800105,0.84,1.27,0.59,0.57,1.15,0.94,0.81,1.29,0.86,1.1,0.88,0.66,0.8,1.02,1.04,1.05,1.2,1.56,1.15,1.39
GEIM800108,0.91,0.93,1.4,0.97,0.72,1.51,0.9,0.65,0.82,0.59,0.58,1.64,1.66,0.94,1,1.23,1.04,0.6,0.67,0.92
BIOV880102,44,90,-91,-139,148,-8,47,100,-188,108,121,-72,-36,-117,-68,-60,-54,117,163,22
GRAR740102,8.1,5.5,13,12.3,5.2,9,10.4,5.2,11.3,4.9,5.7,11.6,8,10.5,10.5,9.2,8.6,5.9,5.4,6.2
GRAR740103,31,55,54,83,132,3,96,111,119,111,105,56,32.5,85,124,32,61,84,170,136
HOPA770101,1,0.1,6.5,6.2,1.4,1.1,2.8,0.8,5.3,0.8,0.7,2.2,0.9,2.1,2.3,1.7,1.5,0.9,1.9,2.1
ISOY800102,0.86,1.39,0.69,0.66,1.16,0.7,1.06,1.31,0.77,1.01,1.06,0.74,1.16,0.89,0.98,1.09,1.24,1.4,1.17,1.28
ISOY800103,0.78,0.6,1.5,0.97,0.67,1.73,0.83,0.4,1.01,0.57,0.3,1.56,1.55,0.78,1.06,1.19,1.09,0.44,0.74,1.14
ISOY800104,1.09,0.5,0.77,0.92,0.5,1.25,0.67,0.66,1.25,0.44,0.45,1.14,2.96,0.83,0.97,1.21,1.33,0.56,0.62,0.94
JOND750101,0.87,1.52,0.66,0.67,2.87,0.1,0.87,3.15,1.64,2.17,1.67,0.09,2.77,0,0.85,0.07,0.07,1.87,3.77,2.67
JUKT750101,5.3,1.3,3.6,3.3,2.3,4.8,1.4,3.1,4.1,4.7,1.1,3,2.5,2.4,2.6,4.5,3.7,4.2,0.8,2.3
KANM800102,0.81,1.17,0.71,0.53,1.2,0.88,0.92,1.48,0.77,1.24,1.05,0.62,0.61,0.98,0.85,0.92,1.18,1.66,1.18,1.23
KANM800103,1.45,0.7,0.91,1.29,1.2,0.53,1.13,1.23,1.27,1.56,1.83,0.64,0.21,1.14,1.15,0.48,0.77,1.1,1.17,0.74
KARP850101,1.041,0.96,1.033,1.094,0.93,1.142,0.982,1.002,1.093,0.967,0.947,1.117,1.055,1.165,1.038,1.169,1.073,0.982,0.925,0.961
KRIW710101,4.6,-1,5.7,5.6,3.2,7.6,4.5,2.6,7.9,3.25,1.4,5.9,7,6.1,6.5,5.25,4.8,3.4,4,4.35
KRIW790101,4.32,1.73,6.04,6.17,2.59,6.09,5.66,2.31,7.92,3.93,2.44,6.24,7.19,6.13,6.55,5.37,5.16,3.31,2.78,3.58
LAWE840101,-0.48,-0.32,-0.75,-0.71,1.03,0,-0.51,0.81,-0.09,1.02,0.81,-0.87,2.03,-0.32,-0.06,0.05,-0.35,0.56,0.66,1.24
LEVM760101,-0.5,-1,2.5,2.5,-2.5,0,-0.5,-1.8,3,-1.8,-1.3,0.2,-1.4,0.2,3,0.3,-0.4,-1.5,-3.4,-2.3
LIFS790101,0.92,1.16,0.48,0.61,1.25,0.61,0.93,1.81,0.7,1.3,1.19,0.6,0.4,0.95,0.93,0.82,1.12,1.81,1.54,1.53
LIFS790103,0.9,1.24,0.47,0.62,1.23,0.56,1.12,1.54,0.74,1.26,1.09,0.62,0.42,1.18,1.02,0.87,1.3,1.53,1.75,1.68
MANP780101,12.97,14.63,10.85,11.89,14,12.43,12.16,15.67,11.36,14.9,14.39,11.42,11.37,11.76,11.72,11.23,11.69,15.71,13.93,13.42
MAXF760102,0.86,1.17,0.72,0.62,1.16,0.97,1.06,1.24,0.79,0.98,1.08,0.74,1.22,0.89,0.94,1.04,1.18,1.33,1.07,1.25
MAXF760106,1,1.09,1.39,1.04,0.65,0.46,0.71,0.68,1.05,1.01,0.36,0.87,1.95,1.13,1.18,1.56,1.23,0.58,1.1,0.87
MIYS850101,2.36,3.36,1.67,1.74,4.37,2.06,2.41,4.17,1.23,3.93,4.22,1.7,1.89,1.75,1.92,1.81,2.04,3.49,3.82,2.91
NAGK730102,0.96,1.13,0.9,0.33,1.37,0.9,0.87,1.54,0.81,1.26,1.29,0.72,0.75,1.18,0.67,0.77,1.23,1.41,1.13,1.07
NAGK730103,0.72,1.01,1.04,0.75,0.58,1.35,0.76,0.8,0.84,0.63,0.62,1.38,1.43,0.81,1.33,1.34,1.03,0.83,0.87,1.35
BURA740102,0.288,0.533,0.271,0.262,0.318,0.312,0.2,0.411,0.265,0.4,0.375,0.229,0.34,0.327,0.362,0.354,0.388,0.495,0.231,0.429
ARGP820101,0.61,1.07,0.46,0.47,2.02,0.07,0.61,2.22,1.15,1.53,1.18,0.06,1.95,0,0.6,0.05,0.05,1.32,2.65,1.88
NISK860101,-0.22,4.66,-4.12,-3.64,5.27,-1.62,1.28,5.58,-4.18,5.01,3.51,-2.65,-3.03,-2.76,-0.93,-2.84,-1.2,4.45,5.2,2.15
OOBM770103,-0.491,-0.67,-0.356,-0.371,-0.729,-0.534,-0.54,-0.762,-0.3,-0.65,-0.659,-0.382,-0.463,-0.405,-0.554,-0.455,-0.515,-0.728,-0.839,-0.656
OOBM850103,0.46,0.2,-0.33,0.48,0.52,0.64,-1.31,3.28,-1.71,0.43,0.15,1.31,-0.58,-1.12,-1.54,-0.83,-1.52,0.54,1.25,-2.21
CHAM820101,0.046,0.128,0.105,0.151,0.29,0,0.23,0.186,0.219,0.186,0.221,0.134,0.131,0.18,0.291,0.062,0.108,0.14,0.409,0.298
OOBM850105,4.55,-0.78,2.85,5.16,4.37,9.14,4.48,2.1,10.68,3.24,2.18,5.56,5.14,4.15,5.97,6.78,8.6,3.81,1.97,2.4
PONP800102,7.62,10.93,6.18,6.38,8.99,7.31,7.85,9.99,5.72,9.37,9.83,6.17,6.64,6.67,6.81,6.93,7.08,10.38,8.41,8.53
PONP800103,2.63,3.36,2.29,2.31,3.02,2.55,2.57,3.08,2.12,2.98,3.18,2.27,2.46,2.45,2.45,2.6,2.55,3.21,2.85,2.79
PONP800107,3.7,3.03,2.6,3.3,6.6,3.13,3.57,7.69,1.79,5.88,5.21,2.12,2.12,2.7,2.53,2.43,2.6,7.14,6.25,3.03
PRAM900104,0.78,0.8,1.41,1,0.58,1.64,0.69,0.51,0.96,0.59,0.39,1.28,1.91,0.97,0.88,1.33,1.03,0.47,0.75,1.05
RACS770101,0.934,0.9,0.994,0.986,0.773,1.015,0.882,0.766,1.04,0.825,0.804,0.986,1.047,1.047,0.962,1.056,1.008,0.825,0.848,0.931
RACS770102,0.941,0.866,1.071,1.1,0.723,1.055,0.911,0.742,1.232,0.798,0.781,1.038,1.093,1.15,1.112,1.082,1.043,0.817,0.867,1.05
RACS820113,17.05,28.84,19.27,20.12,16.26,38.14,23.07,16.66,16.46,10.89,20.61,34.81,23.94,15.42,21.25,19.95,18.92,17.06,23.36,26.49
CHOC760101,115,135,150,190,210,75,195,175,200,170,185,160,145,180,225,115,140,155,255,230
ROBB760105,-2.3,4.4,-4.4,-5,2.6,-4.2,-2.5,6.7,-3.3,2.3,2.3,-4.1,-1.8,1.2,0.4,-1.7,1.3,6.8,-1,4
ROSM880102,-0.67,-2,1.57,1.78,-3.24,0,1.09,-3.02,2.46,-3.02,-1.67,2.27,-1.75,2.12,3.89,0.1,-0.42,-2.18,-2.86,0.98
SIMZ760101,0.73,0.7,0.54,0.55,2.65,0,1.1,2.97,1.5,2.49,1.3,-0.01,2.6,-0.1,0.73,0.04,0.44,1.69,3,2.97
WOEC730101,7,5.5,13,12.5,5,7.9,8.4,4.9,10.1,4.9,5.3,10,6.6,8.6,9.1,7.5,6.6,5.6,5.3,5.7
CHOP780202,0.83,1.19,0.54,0.37,1.38,0.75,0.87,1.6,0.74,1.3,1.05,0.89,0.55,1.1,0.93,0.75,1.19,1.7,1.37,1.47
YUTK870102,6.8,8.3,7,4.9,8.3,6.4,9.2,10,7.5,12.2,8.4,6.2,6.9,8.5,0,8,7,9.4,5.7,6.8
ZIMJ680101,0.83,1.48,0.64,0.65,2.75,0.1,1.1,3.07,1.6,2.52,1.4,0.09,2.7,0,0.83,0.14,0.54,1.79,0.31,2.97
ZIMJ680102,11.5,13.46,11.68,13.57,19.8,3.4,13.69,21.4,15.71,21.4,16.25,12.82,17.43,14.45,14.28,9.47,15.77,21.57,21.67,18.03
ZIMJ680105,9.9,2.8,2.8,3.2,18.8,5.6,8.2,17.1,3.5,17.6,14.9,5.4,14.8,9,4.6,6.9,9.5,14.3,17.1,15
CHOP780204,1.29,0.66,2.02,2.44,0.61,0.76,0.73,0.67,0.66,0.58,0.71,0.81,2.01,1.22,0.44,0.74,1.08,0.61,1.47,0.68
ONEK900102,-0.77,-0.23,-0.15,-0.27,-0.41,0,-0.06,-0.23,-0.65,-0.62,-0.5,-0.07,3,-0.33,-0.68,-0.35,-0.11,-0.14,-0.45,-0.17
VINM940101,0.984,0.906,1.068,1.094,0.915,1.031,0.95,0.927,1.102,0.935,0.952,1.048,1.049,1.037,1.008,1.046,0.997,0.931,0.904,0.929
NADH010101,58,116,-97,-131,92,-11,-73,107,-24,95,78,-93,-79,-139,-184,-34,-7,100,59,-11
NADH010102,51,137,-78,-115,108,-13,-55,106,-205,103,73,-84,-79,-128,-144,-26,-3,108,69,11
NADH010104,32,182,-29,-74,132,-22,-25,106,-124,104,82,-73,-82,-95,-95,-34,20,113,118,44
NADH010105,24,194,0,-57,131,-28,-31,102,-9,103,90,-76,-85,-87,-79,-36,34,111,116,43
FUKS010102,6.77,0.31,8.57,12.93,1.92,7.95,2.8,2.72,10.2,4.43,1.87,5.5,4.79,5.24,6.87,5.41,5.36,3.57,0.54,2.26
FUKS010103,7.43,0.42,8.71,5.86,1.18,9.4,1.49,1.76,9.67,2.74,0.6,9.12,5.6,5.42,4.51,9.6,8.95,3.1,1.18,3.26
KUHL950101,0.78,0.55,1.35,1.45,0.47,0.68,0.99,0.47,1.1,0.56,0.66,1.2,0.69,1.19,1.58,1,1.05,0.51,0.7,1
ZHOH040101,2.18,3.89,1.75,1.89,5.88,1.17,2.51,4.5,2.12,4.71,3.63,1.85,2.09,2.16,2.71,1.66,2.18,3.77,6.46,5.01
ZHOH040102,1.79,2.22,2.33,2.52,4.84,0.7,3.06,4.59,2.5,4.72,3.91,2.83,2.45,2.37,3.2,1.82,2.45,3.67,5.64,4.46
ZHOH040103,13.4,22.6,8.2,7.3,23.9,7,11.3,20.3,6.1,20.8,15.7,7.6,9.9,8.5,8.5,8.2,10.3,19.5,24.5,19.5
PONJ960101,91.5,114.4,135.2,154.6,198.8,67.5,163.2,162.6,162.5,163.4,165.9,138.3,123.4,156.4,196.1,102,126,138.4,209.8,237.2
WOLR790101,1.12,0.59,-0.83,-0.92,0.67,1.2,-0.93,1.16,-0.8,1.18,0.55,-0.83,0.54,-0.78,-2.55,-0.05,-0.02,1.13,-0.19,-0.23
OLSK800101,1.38,1.43,0.52,0.71,1.72,1.34,0.66,2.32,0.15,1.47,1.78,0.37,0.85,0.22,0,0.86,0.89,1.99,0.82,0.47
KIDA850101,-0.27,-1.05,0.81,1.17,-1.43,-0.16,0.28,-0.77,1.7,-1.1,-0.73,0.81,-0.75,1.1,1.87,0.42,0.63,-0.4,-1.57,-0.56
CORJ870102,-0.414,0.162,-1.31,-1.218,1.938,-0.684,-0.63,1.237,-0.67,1.215,1.02,-0.916,-0.503,-0.905,-0.584,-0.563,-0.289,0.899,0.514,1.699
CORJ870104,-0.26,0.83,-1.3,-0.73,1.09,-0.4,-0.18,1.1,-1.01,1.52,1.09,-0.46,-0.62,-0.83,0.08,-0.55,-0.71,1.15,-0.13,0.69
CORJ870106,-1.35,4.37,-11.88,-4.56,11.35,-5.82,6.54,10.93,-11.92,9.88,7.47,-10.96,-10.86,-1.34,-3.89,-6.21,-4.83,8.2,1.8,7.61
CORJ870108,1.37,-4.47,8.93,4.04,-7.96,3.39,-1.65,-7.92,7.7,-8.68,-7.13,6.29,6.25,3.88,1.33,4.08,4.02,-6.94,0.79,-4.73
MIYS990101,-0.02,-0.96,0.72,0.74,-2.22,0.38,0,-1.89,1.01,-2.29,-1.36,0.63,0.47,0.56,0.44,0.55,0.25,-1.34,-1.28,-0.88
FASG890101,-0.21,-6.04,1.36,2.3,-4.65,0,-1.23,-4.81,3.88,-4.68,-3.66,0.96,0.75,1.52,2.11,1.74,0.78,-3.5,-3.32,-1.01
DAYM780201,100,20,106,102,41,49,66,96,56,40,94,134,56,93,65,120,97,74,18,41
EISD860101,0.67,0.38,-1.2,-0.76,2.3,0,0.64,1.9,-0.57,1.9,2.4,-0.6,1.2,-0.22,-2.1,0.01,0.52,1.5,2.6,1.6
FASG760101,89.09,121.15,133.1,147.13,165.19,75.07,155.16,131.17,146.19,131.17,149.21,132.12,115.13,146.15,174.2,105.09,119.12,117.15,204.24,181.19
FASG760102,297,178,270,249,284,290,277,284,224,337,283,236,222,185,238,228,253,293,282,344
FAUJ830101,0.31,1.54,-0.77,-0.64,1.79,0,0.13,1.8,-0.99,1.7,1.23,-0.6,0.72,-0.22,-1.01,-0.04,0.26,1.22,2.25,0.96
FAUJ880101,1.28,1.77,1.6,1.56,2.94,0,2.99,4.19,1.89,2.59,2.35,1.6,2.67,1.56,2.34,1.31,3.03,3.67,3.21,2.94
FAUJ880106,2.04,3.41,3.78,3.31,6.02,1,5.66,3.49,4.87,4.45,4.8,4.37,4.31,3.53,6.24,2.7,3.17,3.17,5.9,6.72
BIGC670101,52.6,68.3,68.4,84.7,113.9,36.3,91.9,102,105.1,102,97.7,75.7,73.6,89.7,109.1,54.9,71.2,85.1,135.4,116.2
