bur_expo,extra,id,pos1,rsa,asa,z_fit,alpha,beta,coil
E,M,P04637,1,0.76,152.016,-1.247,0.003,0.003,0.9940000000000001
E,E,P04637,2,0.684,119.44200000000001,-0.608,0.053,0.043,0.903
E,E,P04637,3,0.539,94.111,-1.041,0.113,0.043,0.8440000000000001
E,P,P04637,4,0.524,74.384,-1.337,0.113,0.043,0.8440000000000001
E,Q,P04637,5,0.583,104.177,-1.2590000000000001,0.113,0.043,0.8440000000000001
E,S,P04637,6,0.364,42.708,-1.3,0.113,0.043,0.8440000000000001
E,D,P04637,7,0.503,72.497,-1.548,0.113,0.043,0.8440000000000001
E,P,P04637,8,0.39299999999999996,55.766999999999996,-1.665,0.113,0.043,0.8440000000000001
E,S,P04637,9,0.444,52.049,-1.19,0.053,0.043,0.903
B,V,P04637,10,0.252,38.656,-1.248,0.053,0.043,0.903
E,E,P04637,11,0.5529999999999999,96.662,-1.5419999999999998,0.018000000000000002,0.047,0.935
B,P,P04637,12,0.17,24.136999999999997,-0.28300000000000003,0.018000000000000002,0.019,0.9640000000000001
B,P,P04637,13,0.20600000000000002,29.217,-1.732,0.005,0.015,0.9790000000000001
B,L,P04637,14,0.26899999999999996,49.272,-1.767,0.005,0.015,0.9790000000000001
B,S,P04637,15,0.27699999999999997,32.418,-0.677,0.005,0.015,0.9790000000000001
E,Q,P04637,16,0.35,62.51,-0.5870000000000001,0.321,0.003,0.675
E,E,P04637,17,0.515,89.97,-1.217,0.406,0.004,0.59
B,T,P04637,18,0.16899999999999998,23.454,0.491,0.6,0.003,0.397
B,F,P04637,19,0.042,8.449,0.531,0.9229999999999999,0.002,0.076
E,S,P04637,20,0.442,51.756,1.04,0.9229999999999999,0.002,0.076
E,D,P04637,21,0.282,40.622,0.545,0.9229999999999999,0.002,0.076
B,L,P04637,22,0.028999999999999998,5.347,0.254,0.938,0.006999999999999999,0.055
B,W,P04637,23,0.107,25.660999999999998,0.027000000000000003,0.879,0.01,0.111
E,K,P04637,24,0.5920000000000001,121.67200000000001,0.39,0.7170000000000001,0.013999999999999999,0.26899999999999996
B,L,P04637,25,0.188,34.368,-0.76,0.43,0.016,0.555
B,L,P04637,26,0.109,19.94,0.254,0.115,0.016,0.868
E,P,P04637,27,0.33799999999999997,48.033,-0.21600000000000003,0.018000000000000002,0.019,0.9640000000000001
E,E,P04637,28,0.512,89.37700000000001,-1.0659999999999998,0.018000000000000002,0.019,0.9640000000000001
E,N,P04637,29,0.45799999999999996,67.08,-1.6869999999999998,0.057999999999999996,0.017,0.925
B,N,P04637,30,0.253,37.068000000000005,-2.3040000000000003,0.053,0.043,0.903
E,V,P04637,31,0.43799999999999994,67.305,-2.15,0.018000000000000002,0.047,0.935
B,L,P04637,32,0.231,42.278,-0.937,0.053,0.043,0.903
E,S,P04637,33,0.34,39.848,-1.167,0.053,0.043,0.903
E,P,P04637,34,0.505,71.71600000000001,-1.2830000000000001,0.053,0.043,0.903
E,L,P04637,35,0.33399999999999996,61.155,-1.124,0.053,0.043,0.903
B,P,P04637,36,0.316,44.769,-1.3219999999999998,0.053,0.043,0.903
E,S,P04637,37,0.467,54.68600000000001,-2.004,0.053,0.043,0.903
E,Q,P04637,38,0.395,70.618,-0.742,0.053,0.043,0.903
E,A,P04637,39,0.35700000000000004,39.319,-1.0,0.053,0.043,0.903
B,M,P04637,40,0.153,30.715,0.028999999999999998,0.184,0.043,0.773
E,D,P04637,41,0.318,45.867,-1.1,0.268,0.043,0.6890000000000001
E,D,P04637,42,0.311,44.815,-0.01,0.354,0.048,0.598
B,L,P04637,43,0.139,25.488000000000003,-0.56,0.278,0.09300000000000001,0.628
E,M,P04637,44,0.331,66.21300000000001,-0.878,0.307,0.165,0.527
B,L,P04637,45,0.244,44.603,-1.396,0.19899999999999998,0.152,0.649
E,S,P04637,46,0.36700000000000005,43.048,0.102,0.052000000000000005,0.084,0.8640000000000001
E,P,P04637,47,0.503,71.404,-1.845,0.018000000000000002,0.019,0.9640000000000001
E,D,P04637,48,0.395,56.934,-1.48,0.005,0.015,0.9790000000000001
E,D,P04637,49,0.551,79.327,-1.166,0.018000000000000002,0.047,0.935
B,I,P04637,50,0.13699999999999998,25.308000000000003,-1.575,0.019,0.141,0.84
B,E,P04637,51,0.213,37.211,-0.9840000000000001,0.02,0.205,0.775
B,Q,P04637,52,0.255,45.614,-0.718,0.02,0.205,0.775
B,W,P04637,53,0.153,36.893,-0.5489999999999999,0.021,0.27899999999999997,0.6990000000000001
B,F,P04637,54,0.17300000000000001,34.760999999999996,-1.48,0.021,0.27899999999999997,0.6990000000000001
E,T,P04637,55,0.425,58.934,-1.341,0.02,0.205,0.775
E,E,P04637,56,0.366,63.993,-2.046,0.019,0.141,0.84
E,D,P04637,57,0.348,50.147,-1.8230000000000002,0.018000000000000002,0.047,0.935
E,P,P04637,58,0.365,51.85,-1.9780000000000002,0.018000000000000002,0.019,0.9640000000000001
E,G,P04637,59,0.43799999999999994,34.439,-1.946,0.018000000000000002,0.019,0.9640000000000001
B,P,P04637,60,0.287,40.754,-1.6880000000000002,0.057999999999999996,0.017,0.925
E,D,P04637,61,0.363,52.294,-1.844,0.115,0.016,0.868
B,E,P04637,62,0.252,43.937,-2.001,0.18100000000000002,0.016,0.8029999999999999
B,A,P04637,63,0.141,15.56,-2.2030000000000003,0.18100000000000002,0.016,0.8029999999999999
B,P,P04637,64,0.231,32.806999999999995,-2.9760000000000004,0.115,0.016,0.868
B,R,P04637,65,0.221,50.655,-1.824,0.115,0.016,0.868
B,M,P04637,66,0.175,34.997,-2.194,0.115,0.016,0.868
E,P,P04637,67,0.256,36.355,-2.157,0.115,0.016,0.868
E,E,P04637,68,0.366,63.958,-2.556,0.057999999999999996,0.017,0.925
B,A,P04637,69,0.168,18.558,-1.939,0.057999999999999996,0.017,0.925
E,A,P04637,70,0.342,37.633,-1.591,0.057999999999999996,0.017,0.925
B,P,P04637,71,0.32799999999999996,46.6,-2.276,0.057999999999999996,0.017,0.925
E,P,P04637,72,0.424,60.222,-1.913,0.057999999999999996,0.017,0.925
B,V,P04637,73,0.32,49.169,-1.7830000000000001,0.057999999999999996,0.017,0.925
E,A,P04637,74,0.48100000000000004,53.06100000000001,-1.1840000000000002,0.057999999999999996,0.017,0.925
E,P,P04637,75,0.479,67.899,-2.582,0.018000000000000002,0.019,0.9640000000000001
B,A,P04637,76,0.32799999999999996,36.146,-1.709,0.053,0.043,0.903
E,P,P04637,77,0.452,64.082,-1.7890000000000001,0.053,0.043,0.903
E,A,P04637,78,0.445,49.006,-1.557,0.053,0.043,0.903
B,A,P04637,79,0.297,32.729,-1.82,0.057999999999999996,0.017,0.925
E,P,P04637,80,0.48100000000000004,68.226,-2.012,0.057999999999999996,0.017,0.925
E,T,P04637,81,0.382,53.011,-2.045,0.018000000000000002,0.047,0.935
B,P,P04637,82,0.193,27.344,-2.117,0.018000000000000002,0.047,0.935
B,A,P04637,83,0.314,34.658,-2.456,0.018000000000000002,0.08800000000000001,0.893
B,A,P04637,84,0.15,16.508,-2.0340000000000003,0.019,0.141,0.84
E,P,P04637,85,0.33399999999999996,47.451,-1.778,0.019,0.141,0.84
B,A,P04637,86,0.226,24.85,-1.0659999999999998,0.018000000000000002,0.08800000000000001,0.893
E,P,P04637,87,0.445,63.103,-1.126,0.018000000000000002,0.08800000000000001,0.893
B,A,P04637,88,0.28,30.866999999999997,-1.143,0.018000000000000002,0.047,0.935
E,P,P04637,89,0.321,45.493,-1.614,0.018000000000000002,0.019,0.9640000000000001
E,S,P04637,90,0.485,56.876999999999995,-2.863,0.018000000000000002,0.019,0.9640000000000001
E,W,P04637,91,0.327,78.547,-1.217,0.018000000000000002,0.019,0.9640000000000001
B,P,P04637,92,0.281,39.817,-1.538,0.018000000000000002,0.019,0.9640000000000001
E,L,P04637,93,0.44299999999999995,81.095,-1.489,0.018000000000000002,0.047,0.935
E,S,P04637,94,0.461,53.982,-1.844,0.018000000000000002,0.08800000000000001,0.893
B,S,P04637,95,0.19899999999999998,23.37,-2.39,0.019,0.141,0.84
E,S,P04637,96,0.364,42.626000000000005,-1.317,0.004,0.19699999999999998,0.799
B,V,P04637,97,0.13699999999999998,21.026,-0.34700000000000003,0.004,0.138,0.858
B,P,P04637,98,0.18899999999999997,26.805,-0.215,0.018000000000000002,0.08800000000000001,0.893
E,S,P04637,99,0.33,38.641,-0.972,0.018000000000000002,0.08800000000000001,0.893
E,Q,P04637,100,0.485,86.62100000000001,-0.353,0.018000000000000002,0.08800000000000001,0.893
E,K,P04637,101,0.635,130.578,-0.831,0.018000000000000002,0.047,0.935
E,T,P04637,102,0.649,90.072,-1.2930000000000001,0.018000000000000002,0.047,0.935
B,Y,P04637,103,0.207,44.278999999999996,0.39799999999999996,0.018000000000000002,0.047,0.935
E,Q,P04637,104,0.41200000000000003,73.547,-0.9179999999999999,0.018000000000000002,0.047,0.935
B,G,P04637,105,0.26,20.430999999999997,-0.883,0.004,0.085,0.91
E,S,P04637,106,0.493,57.803000000000004,-0.358,0.005,0.262,0.733
B,Y,P04637,107,0.138,29.533,0.306,0.004,0.42,0.5760000000000001
B,G,P04637,108,0.20800000000000002,16.401,-0.877,0.004,0.616,0.381
B,F,P04637,109,0.038,7.586,0.052000000000000005,0.002,0.816,0.182
E,R,P04637,110,0.27899999999999997,63.913999999999994,0.8959999999999999,0.001,0.9,0.099
B,L,P04637,111,0.04,7.397,0.174,0.001,0.9,0.099
E,G,P04637,112,0.303,23.862,0.318,0.002,0.816,0.182
B,F,P04637,113,0.09,18.003,-0.16399999999999998,0.003,0.718,0.27899999999999997
E,L,P04637,114,0.377,68.97399999999999,-0.111,0.022000000000000002,0.359,0.619
E,H,P04637,115,0.498,90.586,-0.434,0.02,0.205,0.775
E,S,P04637,116,0.501,58.681999999999995,-0.501,0.018000000000000002,0.08800000000000001,0.893
E,G,P04637,117,0.6629999999999999,52.147,-1.3619999999999999,0.018000000000000002,0.047,0.935
E,T,P04637,118,0.473,65.619,-1.1640000000000001,0.018000000000000002,0.047,0.935
E,A,P04637,119,0.446,49.105,-1.781,0.018000000000000002,0.047,0.935
E,K,P04637,120,0.494,101.616,-0.782,0.018000000000000002,0.08800000000000001,0.893
E,S,P04637,121,0.442,51.81399999999999,-1.5819999999999999,0.02,0.205,0.775
B,V,P04637,122,0.257,39.501,-0.7,0.022000000000000002,0.359,0.619
E,T,P04637,123,0.29100000000000004,40.32,-0.9540000000000001,0.022000000000000002,0.552,0.426
B,C,P04637,124,0.129,18.112000000000002,0.39,0.023,0.655,0.322
B,T,P04637,125,0.214,29.64,-0.442,0.021,0.7559999999999999,0.223
B,Y,P04637,126,0.092,19.682000000000002,0.40399999999999997,0.087,0.6829999999999999,0.23
B,S,P04637,127,0.08199999999999999,9.634,-0.03,0.428,0.171,0.402
E,P,P04637,128,0.535,75.917,0.361,0.7170000000000001,0.013999999999999999,0.26899999999999996
E,A,P04637,129,0.371,40.861999999999995,0.778,0.622,0.015,0.363
B,L,P04637,130,0.055999999999999994,10.309000000000001,0.521,0.622,0.015,0.363
E,N,P04637,131,0.39299999999999996,57.477,0.495,0.522,0.016,0.462
E,K,P04637,132,0.38299999999999995,78.88600000000001,1.0759999999999998,0.605,0.105,0.29
B,M,P04637,133,0.075,14.947000000000001,0.499,0.478,0.309,0.214
B,F,P04637,134,0.11599999999999999,23.320999999999998,0.488,0.268,0.505,0.22699999999999998
B,C,P04637,135,0.075,10.502,0.09300000000000001,0.16899999999999998,0.612,0.21899999999999997
E,Q,P04637,136,0.396,70.726,0.8540000000000001,0.07400000000000001,0.484,0.442
B,L,P04637,137,0.162,29.625999999999998,0.095,0.055999999999999994,0.142,0.802
E,A,P04637,138,0.633,69.768,-0.479,0.018000000000000002,0.047,0.935
E,K,P04637,139,0.365,75.142,0.738,0.018000000000000002,0.08800000000000001,0.893
E,T,P04637,140,0.406,56.368,0.355,0.005,0.262,0.733
B,C,P04637,141,0.043,5.9670000000000005,0.932,0.004,0.42,0.5760000000000001
B,P,P04637,142,0.21600000000000003,30.665,0.667,0.003,0.718,0.27899999999999997
B,V,P04637,143,0.049,7.485,0.552,0.001,0.9,0.099
E,Q,P04637,144,0.35600000000000004,63.67100000000001,1.3780000000000001,0.001,0.9590000000000001,0.04
B,L,P04637,145,0.039,7.068,0.514,0.001,0.9590000000000001,0.04
E,W,P04637,146,0.285,68.518,0.713,0.001,0.9590000000000001,0.04
B,V,P04637,147,0.11199999999999999,17.261,-0.285,0.001,0.9,0.099
E,D,P04637,148,0.489,70.436,-0.08,0.004,0.616,0.381
E,S,P04637,149,0.48100000000000004,56.431999999999995,-1.001,0.004,0.19699999999999998,0.799
E,T,P04637,150,0.498,69.003,-0.507,0.005,0.045,0.951
E,P,P04637,151,0.231,32.836,0.141,0.003,0.003,0.9940000000000001
B,P,P04637,152,0.214,30.423000000000002,-0.8340000000000001,0.003,0.003,0.9940000000000001
E,P,P04637,153,0.6409999999999999,90.915,-0.207,0.018000000000000002,0.019,0.9640000000000001
E,G,P04637,154,0.41700000000000004,32.802,-0.639,0.018000000000000002,0.047,0.935
B,T,P04637,155,0.037000000000000005,5.063,-0.381,0.005,0.262,0.733
B,R,P04637,156,0.14400000000000002,32.884,0.715,0.002,0.816,0.182
B,V,P04637,157,0.02,3.12,1.421,0.011000000000000001,0.9179999999999999,0.071
B,R,P04637,158,0.055,12.709000000000001,0.769,0.006,0.9620000000000001,0.032
B,A,P04637,159,0.019,2.149,0.7170000000000001,0.001,0.9590000000000001,0.04
B,M,P04637,160,0.051,10.145,1.103,0.001,0.9590000000000001,0.04
B,A,P04637,161,0.025,2.7880000000000003,0.835,0.011000000000000001,0.9179999999999999,0.071
B,I,P04637,162,0.033,6.068,-0.17,0.018000000000000002,0.846,0.136
B,Y,P04637,163,0.049,10.45,-0.355,0.004,0.616,0.381
B,K,P04637,164,0.22899999999999998,47.146,0.055,0.005,0.336,0.66
E,Q,P04637,165,0.33799999999999997,60.403,-0.033,0.005,0.045,0.951
E,S,P04637,166,0.306,35.84,-0.688,0.018000000000000002,0.047,0.935
E,Q,P04637,167,0.542,96.855,-0.7959999999999999,0.113,0.043,0.8440000000000001
B,H,P04637,168,0.259,47.148,-0.42200000000000004,0.113,0.043,0.8440000000000001
B,M,P04637,169,0.18,35.958,-0.028999999999999998,0.19899999999999998,0.152,0.649
E,T,P04637,170,0.42,58.282,-0.013000000000000001,0.231,0.33,0.439
E,E,P04637,171,0.33399999999999996,58.35,0.733,0.21600000000000003,0.235,0.5479999999999999
B,V,P04637,172,0.185,28.388,0.87,0.321,0.252,0.42700000000000005
B,V,P04637,173,0.083,12.802999999999999,-0.465,0.231,0.33,0.439
E,R,P04637,174,0.45799999999999996,104.905,1.1159999999999999,0.35200000000000004,0.332,0.316
E,R,P04637,175,0.26899999999999996,61.532,0.821,0.21600000000000003,0.235,0.5479999999999999
B,C,P04637,176,0.036000000000000004,5.053999999999999,0.7829999999999999,0.113,0.087,0.8
E,P,P04637,177,0.45299999999999996,64.309,0.023,0.053,0.043,0.903
E,H,P04637,178,0.391,71.05,-0.335,0.053,0.043,0.903
B,H,P04637,179,0.158,28.758000000000003,-0.348,0.052000000000000005,0.084,0.8640000000000001
E,E,P04637,180,0.406,70.84100000000001,-0.29100000000000004,0.055999999999999994,0.142,0.802
E,R,P04637,181,0.44799999999999995,102.661,0.006999999999999999,0.052000000000000005,0.084,0.8640000000000001
E,C,P04637,182,0.255,35.774,-0.983,0.053,0.043,0.903
E,S,P04637,183,0.622,72.922,-0.888,0.057999999999999996,0.017,0.925
E,D,P04637,184,0.564,81.244,-0.925,0.018000000000000002,0.019,0.9640000000000001
E,S,P04637,185,0.537,62.93600000000001,-2.298,0.057999999999999996,0.017,0.925
E,D,P04637,186,0.602,86.76299999999999,-1.85,0.018000000000000002,0.019,0.9640000000000001
E,G,P04637,187,0.57,44.883,-1.724,0.018000000000000002,0.019,0.9640000000000001
E,L,P04637,188,0.456,83.45700000000001,-1.5719999999999998,0.057999999999999996,0.017,0.925
E,A,P04637,189,0.405,44.586999999999996,-0.196,0.018000000000000002,0.019,0.9640000000000001
B,P,P04637,190,0.23,32.609,-0.07200000000000001,0.018000000000000002,0.019,0.9640000000000001
E,P,P04637,191,0.314,44.613,0.098,0.018000000000000002,0.047,0.935
E,Q,P04637,192,0.326,58.277,0.596,0.018000000000000002,0.08800000000000001,0.893
B,H,P04637,193,0.05,9.131,0.28600000000000003,0.004,0.42,0.5760000000000001
B,L,P04637,194,0.028999999999999998,5.327999999999999,-0.109,0.001,0.9,0.099
B,I,P04637,195,0.025,4.625,0.836,0.001,0.9590000000000001,0.04
B,R,P04637,196,0.084,19.35,0.297,0.001,0.9,0.099
B,V,P04637,197,0.032,4.872,0.07200000000000001,0.002,0.816,0.182
E,E,P04637,198,0.359,62.63,0.341,0.005,0.336,0.66
E,G,P04637,199,0.47,36.965,-1.611,0.004,0.085,0.91
E,N,P04637,200,0.41200000000000003,60.288000000000004,-0.413,0.005,0.045,0.951
E,L,P04637,201,0.44299999999999995,81.132,-1.3130000000000002,0.005,0.045,0.951
E,R,P04637,202,0.4,91.531,0.446,0.02,0.205,0.775
B,V,P04637,203,0.05,7.624,-1.368,0.023,0.655,0.322
E,E,P04637,204,0.335,58.577,1.273,0.011000000000000001,0.9179999999999999,0.071
B,Y,P04637,205,0.16699999999999998,35.667,-0.551,0.011000000000000001,0.9179999999999999,0.071
B,L,P04637,206,0.26,47.533,0.373,0.021,0.7559999999999999,0.223
E,D,P04637,207,0.36700000000000005,52.813,-1.0270000000000001,0.004,0.42,0.5760000000000001
B,D,P04637,208,0.26899999999999996,38.806,-0.106,0.004,0.085,0.91
E,R,P04637,209,0.6970000000000001,159.52100000000002,-0.281,0.018000000000000002,0.047,0.935
E,N,P04637,210,0.529,77.416,-0.657,0.018000000000000002,0.047,0.935
B,T,P04637,211,0.245,34.009,-0.602,0.019,0.141,0.84
E,F,P04637,212,0.25,50.135,-0.059000000000000004,0.005,0.336,0.66
B,R,P04637,213,0.172,39.319,0.605,0.003,0.718,0.27899999999999997
B,H,P04637,214,0.07200000000000001,13.115,0.737,0.001,0.9,0.099
B,S,P04637,215,0.045,5.239,-0.455,0.001,0.9590000000000001,0.04
B,V,P04637,216,0.021,3.1660000000000004,0.9129999999999999,0.001,0.9590000000000001,0.04
B,V,P04637,217,0.068,10.39,0.215,0.001,0.9,0.099
B,V,P04637,218,0.033,5.118,0.574,0.003,0.718,0.27899999999999997
B,P,P04637,219,0.067,9.451,-1.214,0.005,0.336,0.66
B,Y,P04637,220,0.154,32.888000000000005,-0.94,0.004,0.138,0.858
E,E,P04637,221,0.40700000000000003,71.085,-0.895,0.004,0.138,0.858
E,P,P04637,222,0.341,48.416000000000004,-0.177,0.018000000000000002,0.047,0.935
B,P,P04637,223,0.253,35.972,-0.639,0.018000000000000002,0.047,0.935
E,E,P04637,224,0.47700000000000004,83.314,-1.03,0.052000000000000005,0.084,0.8640000000000001
B,V,P04637,225,0.298,45.803000000000004,-1.551,0.052000000000000005,0.084,0.8640000000000001
E,G,P04637,226,0.46399999999999997,36.548,-1.281,0.052000000000000005,0.084,0.8640000000000001
E,S,P04637,227,0.34700000000000003,40.727,-0.366,0.021,0.27899999999999997,0.6990000000000001
E,D,P04637,228,0.39299999999999996,56.66,-0.428,0.023,0.655,0.322
E,C,P04637,229,0.307,43.089,0.318,0.018000000000000002,0.846,0.136
B,T,P04637,230,0.14400000000000002,20.042,0.542,0.018000000000000002,0.846,0.136
B,T,P04637,231,0.23800000000000002,33.066,0.102,0.018000000000000002,0.846,0.136
B,I,P04637,232,0.1,18.426,0.39,0.021,0.7559999999999999,0.223
B,H,P04637,233,0.13,23.611,0.09300000000000001,0.021,0.7559999999999999,0.223
B,Y,P04637,234,0.05,10.77,0.32899999999999996,0.018000000000000002,0.846,0.136
B,N,P04637,235,0.21,30.773000000000003,0.488,0.018000000000000002,0.846,0.136
B,Y,P04637,236,0.039,8.249,-0.004,0.018000000000000002,0.846,0.136
B,M,P04637,237,0.10099999999999999,20.27,0.9059999999999999,0.018000000000000002,0.846,0.136
B,C,P04637,238,0.016,2.204,1.004,0.087,0.6829999999999999,0.23
B,N,P04637,239,0.166,24.302,-0.698,0.066,0.29600000000000004,0.638
B,S,P04637,240,0.13,15.283,-2.778,0.055999999999999994,0.142,0.802
B,S,P04637,241,0.14,16.349,-0.695,0.055999999999999994,0.142,0.802
B,C,P04637,242,0.052000000000000005,7.301,-0.7509999999999999,0.052000000000000005,0.084,0.8640000000000001
E,M,P04637,243,0.345,69.095,-0.568,0.053,0.043,0.903
E,G,P04637,244,0.366,28.796,-2.378,0.053,0.043,0.903
E,G,P04637,245,0.377,29.662,-1.0490000000000002,0.053,0.043,0.903
B,M,P04637,246,0.191,38.159,-1.8530000000000002,0.113,0.043,0.8440000000000001
E,N,P04637,247,0.40299999999999997,58.985,-0.8079999999999999,0.113,0.087,0.8
B,R,P04637,248,0.25,57.181000000000004,-0.17800000000000002,0.113,0.087,0.8
B,R,P04637,249,0.19,43.57899999999999,0.711,0.064,0.21600000000000003,0.721
B,P,P04637,250,0.156,22.108,0.35700000000000004,0.07400000000000001,0.484,0.442
B,I,P04637,251,0.037000000000000005,6.8260000000000005,-0.406,0.021,0.7559999999999999,0.223
B,L,P04637,252,0.053,9.686,0.011000000000000001,0.011000000000000001,0.9179999999999999,0.071
B,T,P04637,253,0.023,3.1210000000000004,0.773,0.006,0.9620000000000001,0.032
B,I,P04637,254,0.019,3.57,1.143,0.001,0.9590000000000001,0.04
B,I,P04637,255,0.02,3.737,1.36,0.001,0.9590000000000001,0.04
B,T,P04637,256,0.044000000000000004,6.144,0.33899999999999997,0.001,0.9590000000000001,0.04
B,L,P04637,257,0.025,4.651,0.862,0.001,0.9,0.099
B,E,P04637,258,0.183,32.005,0.172,0.002,0.816,0.182
B,D,P04637,259,0.21600000000000003,31.154,0.387,0.005,0.262,0.733
E,S,P04637,260,0.612,71.715,-0.96,0.005,0.045,0.951
E,S,P04637,261,0.725,84.911,-0.36700000000000005,0.005,0.015,0.9790000000000001
E,G,P04637,262,0.27,21.225,-0.894,0.005,0.045,0.951
E,N,P04637,263,0.368,53.919,0.332,0.004,0.514,0.48100000000000004
B,L,P04637,264,0.067,12.249,0.063,0.002,0.816,0.182
B,L,P04637,265,0.111,20.416,0.7390000000000001,0.001,0.9,0.099
B,G,P04637,266,0.046,3.66,-1.151,0.002,0.816,0.182
B,R,P04637,267,0.201,46.052,0.499,0.002,0.816,0.182
B,N,P04637,268,0.22699999999999998,33.233000000000004,-0.265,0.002,0.816,0.182
B,S,P04637,269,0.099,11.615,0.20199999999999999,0.001,0.9,0.099
B,F,P04637,270,0.057999999999999996,11.640999999999998,0.439,0.001,0.9,0.099
E,E,P04637,271,0.293,51.24,0.501,0.002,0.816,0.182
B,V,P04637,272,0.028999999999999998,4.488,0.489,0.002,0.816,0.182
B,R,P04637,273,0.226,51.823,0.447,0.001,0.9,0.099
B,V,P04637,274,0.052000000000000005,7.931,0.37799999999999995,0.018000000000000002,0.846,0.136
B,C,P04637,275,0.035,4.97,-0.616,0.023,0.655,0.322
B,A,P04637,276,0.155,17.114,-0.932,0.004,0.42,0.5760000000000001
B,C,P04637,277,0.098,13.829,0.17600000000000002,0.004,0.085,0.91
E,P,P04637,278,0.29,41.165,-0.139,0.018000000000000002,0.047,0.935
E,G,P04637,279,0.449,35.344,-0.877,0.018000000000000002,0.019,0.9640000000000001
E,R,P04637,280,0.36200000000000004,82.944,-0.154,0.115,0.016,0.868
E,D,P04637,281,0.41200000000000003,59.427,-0.64,0.18100000000000002,0.016,0.8029999999999999
E,R,P04637,282,0.379,86.76799999999999,0.308,0.6,0.003,0.397
E,R,P04637,283,0.606,138.68200000000002,0.845,0.858,0.002,0.139
E,T,P04637,284,0.527,73.15,0.8690000000000001,0.858,0.002,0.139
E,E,P04637,285,0.35,61.093,-0.302,0.858,0.002,0.139
E,E,P04637,286,0.37,64.569,-0.488,0.858,0.002,0.139
E,E,P04637,287,0.657,114.83,0.711,0.858,0.002,0.139
E,N,P04637,288,0.44,64.46,-0.272,0.782,0.003,0.21600000000000003
B,L,P04637,289,0.235,43.028999999999996,0.111,0.6940000000000001,0.003,0.303
E,R,P04637,290,0.583,133.507,0.47,0.6,0.003,0.397
E,K,P04637,291,0.598,122.947,0.09300000000000001,0.522,0.016,0.462
E,K,P04637,292,0.649,133.417,-0.7929999999999999,0.33899999999999997,0.016,0.645
E,G,P04637,293,0.486,38.288000000000004,-0.797,0.18100000000000002,0.016,0.8029999999999999
E,E,P04637,294,0.575,100.522,-0.602,0.115,0.016,0.868
E,P,P04637,295,0.511,72.44,-0.342,0.18100000000000002,0.016,0.8029999999999999
E,H,P04637,296,0.5820000000000001,105.902,-0.507,0.184,0.043,0.773
E,H,P04637,297,0.557,101.355,-0.244,0.113,0.043,0.8440000000000001
E,E,P04637,298,0.693,121.03200000000001,-0.431,0.115,0.016,0.868
E,L,P04637,299,0.415,75.968,-0.43,0.057999999999999996,0.017,0.925
E,P,P04637,300,0.579,82.17399999999999,-0.971,0.016,0.005,0.9790000000000001
E,P,P04637,301,0.633,89.794,-1.023,0.016,0.005,0.9790000000000001
E,G,P04637,302,0.574,45.166000000000004,-2.0380000000000003,0.016,0.005,0.9790000000000001
E,S,P04637,303,0.502,58.881,-0.713,0.018000000000000002,0.019,0.9640000000000001
E,T,P04637,304,0.5479999999999999,75.938,-0.838,0.018000000000000002,0.047,0.935
E,K,P04637,305,0.511,105.154,-1.083,0.018000000000000002,0.08800000000000001,0.893
E,R,P04637,306,0.424,97.05,-0.67,0.019,0.141,0.84
E,A,P04637,307,0.581,64.03699999999999,-1.3,0.019,0.141,0.84
E,L,P04637,308,0.345,63.133,-1.124,0.018000000000000002,0.08800000000000001,0.893
E,P,P04637,309,0.546,77.449,-1.631,0.018000000000000002,0.08800000000000001,0.893
E,N,P04637,310,0.574,84.01899999999999,-0.5760000000000001,0.018000000000000002,0.08800000000000001,0.893
E,N,P04637,311,0.537,78.661,-1.683,0.018000000000000002,0.08800000000000001,0.893
E,T,P04637,312,0.591,82.01299999999999,-2.224,0.018000000000000002,0.047,0.935
E,S,P04637,313,0.588,68.937,-1.6059999999999999,0.018000000000000002,0.047,0.935
E,S,P04637,314,0.498,58.376999999999995,-1.537,0.018000000000000002,0.019,0.9640000000000001
E,S,P04637,315,0.41100000000000003,48.20399999999999,-1.485,0.057999999999999996,0.017,0.925
E,P,P04637,316,0.584,82.79899999999999,-1.3130000000000002,0.053,0.043,0.903
E,Q,P04637,317,0.569,101.57,-0.902,0.053,0.043,0.903
E,P,P04637,318,0.54,76.64,-0.973,0.053,0.043,0.903
E,K,P04637,319,0.467,96.14399999999999,-0.833,0.053,0.043,0.903
E,K,P04637,320,0.43799999999999994,90.014,-1.351,0.053,0.043,0.903
E,K,P04637,321,0.485,99.70299999999999,-1.275,0.052000000000000005,0.084,0.8640000000000001
E,P,P04637,322,0.575,81.578,-0.504,0.052000000000000005,0.084,0.8640000000000001
E,L,P04637,323,0.599,109.677,-1.1420000000000001,0.018000000000000002,0.047,0.935
E,D,P04637,324,0.634,91.331,-0.512,0.018000000000000002,0.047,0.935
E,G,P04637,325,0.57,44.875,0.45799999999999996,0.004,0.085,0.91
E,E,P04637,326,0.391,68.378,0.409,0.004,0.514,0.48100000000000004
E,Y,P04637,327,0.273,58.276,1.102,0.001,0.9,0.099
B,F,P04637,328,0.07200000000000001,14.37,0.915,0.001,0.9590000000000001,0.04
B,T,P04637,329,0.268,37.172,0.905,0.001,0.9590000000000001,0.04
B,L,P04637,330,0.04,7.416,0.647,0.001,0.9590000000000001,0.04
E,Q,P04637,331,0.34700000000000003,61.992,1.3359999999999999,0.001,0.9,0.099
B,I,P04637,332,0.048,8.806000000000001,-0.136,0.021,0.7559999999999999,0.223
E,R,P04637,333,0.326,74.74600000000001,1.036,0.021,0.451,0.528
B,G,P04637,334,0.192,15.142000000000001,-0.428,0.064,0.21600000000000003,0.721
E,R,P04637,335,0.382,87.524,0.767,0.386,0.09699999999999999,0.517
E,E,P04637,336,0.511,89.289,0.49200000000000005,0.522,0.016,0.462
B,R,P04637,337,0.166,38.083,0.937,0.802,0.013999999999999999,0.185
B,F,P04637,338,0.078,15.675,1.158,0.938,0.006999999999999999,0.055
E,E,P04637,339,0.373,65.111,1.7169999999999999,0.97,0.001,0.03
B,M,P04637,340,0.08800000000000001,17.609,0.907,0.97,0.001,0.03
B,F,P04637,341,0.016,3.2910000000000004,1.341,0.97,0.001,0.03
B,R,P04637,342,0.183,41.792,1.3090000000000002,0.97,0.001,0.03
E,E,P04637,343,0.32899999999999996,57.406000000000006,1.538,0.97,0.001,0.03
B,L,P04637,344,0.035,6.354,0.26899999999999996,0.97,0.001,0.03
B,N,P04637,345,0.16899999999999998,24.8,0.59,0.9229999999999999,0.002,0.076
E,E,P04637,346,0.36700000000000005,64.185,0.374,0.858,0.002,0.139
B,A,P04637,347,0.10400000000000001,11.45,-1.621,0.858,0.002,0.139
B,L,P04637,348,0.084,15.417,0.27,0.782,0.003,0.21600000000000003
E,E,P04637,349,0.373,65.128,0.491,0.6940000000000001,0.003,0.303
B,L,P04637,350,0.127,23.345,-1.127,0.7170000000000001,0.013999999999999999,0.26899999999999996
E,K,P04637,351,0.293,60.25,-0.168,0.622,0.015,0.363
E,D,P04637,352,0.528,76.07,-0.27,0.522,0.016,0.462
B,A,P04637,353,0.26899999999999996,29.688000000000002,-0.493,0.522,0.016,0.462
B,Q,P04637,354,0.198,35.363,0.317,0.43,0.016,0.555
E,A,P04637,355,0.402,44.3,-0.156,0.33899999999999997,0.016,0.645
E,G,P04637,356,0.525,41.341,0.371,0.43,0.016,0.555
E,K,P04637,357,0.5710000000000001,117.352,0.033,0.43,0.016,0.555
E,E,P04637,358,0.33899999999999997,59.17100000000001,-0.14400000000000002,0.354,0.048,0.598
E,P,P04637,359,0.451,63.95399999999999,-0.272,0.268,0.043,0.6890000000000001
E,G,P04637,360,0.6629999999999999,52.147,-1.709,0.184,0.043,0.773
E,G,P04637,361,0.547,43.065,-1.128,0.184,0.043,0.773
B,S,P04637,362,0.218,25.514,-1.189,0.184,0.043,0.773
E,R,P04637,363,0.514,117.61399999999999,0.204,0.354,0.048,0.598
E,A,P04637,364,0.514,56.653999999999996,-0.6759999999999999,0.33899999999999997,0.016,0.645
E,H,P04637,365,0.488,88.804,-0.763,0.257,0.016,0.727
E,S,P04637,366,0.457,53.596000000000004,-0.894,0.184,0.043,0.773
E,S,P04637,367,0.601,70.461,-0.259,0.052000000000000005,0.084,0.8640000000000001
E,H,P04637,368,0.637,115.925,0.415,0.066,0.29600000000000004,0.638
E,L,P04637,369,0.235,43.083,0.129,0.021,0.451,0.528
E,K,P04637,370,0.45399999999999996,93.32600000000001,-0.044000000000000004,0.021,0.451,0.528
E,S,P04637,371,0.441,51.662,-0.192,0.066,0.29600000000000004,0.638
E,K,P04637,372,0.507,104.228,-0.542,0.055999999999999994,0.142,0.802
E,K,P04637,373,0.643,132.245,-0.275,0.018000000000000002,0.08800000000000001,0.893
E,G,P04637,374,0.46299999999999997,36.438,-2.465,0.018000000000000002,0.047,0.935
E,Q,P04637,375,0.573,102.338,-2.654,0.018000000000000002,0.019,0.9640000000000001
E,S,P04637,376,0.425,49.763000000000005,-1.537,0.018000000000000002,0.019,0.9640000000000001
E,T,P04637,377,0.37200000000000005,51.652,-1.123,0.018000000000000002,0.019,0.9640000000000001
E,S,P04637,378,0.568,66.616,-1.023,0.057999999999999996,0.017,0.925
E,R,P04637,379,0.579,132.591,-0.16699999999999998,0.113,0.043,0.8440000000000001
E,H,P04637,380,0.484,88.094,-1.215,0.053,0.043,0.903
E,K,P04637,381,0.36700000000000005,75.45100000000001,-0.196,0.055999999999999994,0.142,0.802
E,K,P04637,382,0.484,99.579,0.518,0.021,0.451,0.528
B,L,P04637,383,0.17300000000000001,31.713,0.107,0.021,0.451,0.528
B,M,P04637,384,0.154,30.875,0.196,0.021,0.451,0.528
E,F,P04637,385,0.27699999999999997,55.494,0.124,0.022000000000000002,0.359,0.619
E,K,P04637,386,0.451,92.874,0.47100000000000003,0.064,0.21600000000000003,0.721
E,T,P04637,387,0.627,87.03399999999999,-1.371,0.055999999999999994,0.142,0.802
E,E,P04637,388,0.585,102.13,-1.042,0.052000000000000005,0.084,0.8640000000000001
E,G,P04637,389,0.528,41.54600000000001,-0.665,0.018000000000000002,0.047,0.935
E,P,P04637,390,0.449,63.685,-1.344,0.018000000000000002,0.019,0.9640000000000001
E,D,P04637,391,0.52,74.889,-2.043,0.018000000000000002,0.019,0.9640000000000001
E,S,P04637,392,0.5529999999999999,64.765,-2.51,0.018000000000000002,0.019,0.9640000000000001
E,D,P04637,393,0.897,129.315,-0.721,0.003,0.003,0.9940000000000001
